PassengerId,Survived,Pclass,Sex,Embarked,FamilySize,IsAlone,CategoricalFare,CategoricalAge,Title
1,0,3,1,0,2,0,0,0,3
2,1,1,0,1,2,0,1,1,4
3,1,3,0,0,1,1,2,0,2
4,1,1,0,0,2,0,1,1,4
5,0,3,1,0,1,1,2,1,3
6,0,3,1,2,1,1,2,0,3
7,0,1,1,0,1,1,1,2,3
8,0,3,1,0,5,0,3,3,1
9,1,3,0,0,3,0,2,0,4
10,1,2,0,1,2,0,3,3,4
11,1,3,0,0,3,0,3,3,2
12,1,1,0,0,1,1,3,2,2
13,0,3,1,0,1,1,2,3,3
14,0,3,1,0,7,0,1,2,3
15,0,3,0,0,1,1,0,3,2
16,1,2,0,0,1,1,3,2,4
17,0,3,1,2,6,0,3,3,1
18,1,2,1,0,1,1,2,0,3
19,0,3,0,0,2,0,3,1,4
20,1,3,0,1,1,1,0,0,4
21,0,2,1,0,1,1,3,1,3
22,1,2,1,0,1,1,2,1,3
23,1,3,0,2,1,1,2,3,2
24,1,1,1,0,1,1,1,4,3
25,0,3,0,0,5,0,3,3,2
26,1,3,0,0,7,0,1,1,4
27,0,3,1,1,1,1,0,0,3
28,0,1,1,0,6,0,1,3,3
29,1,3,0,2,1,1,0,0,2
30,0,3,1,0,1,1,0,0,3
31,0,1,1,1,1,1,3,2,5
32,1,1,0,1,2,0,1,0,4
33,1,3,0,2,1,1,0,0,2
34,0,2,1,0,1,1,2,2,3
35,0,1,1,1,2,0,1,4,3
36,0,1,1,0,2,0,1,2,3
37,1,3,1,1,1,1,0,0,3
38,0,3,1,0,1,1,2,0,3
39,0,3,0,0,3,0,3,3,2
40,1,3,0,1,2,0,2,3,2
41,0,3,0,0,2,0,2,2,4
42,0,2,0,0,2,0,3,0,4
43,0,3,1,1,1,1,0,0,3
44,1,2,0,1,4,0,1,3,2
45,1,3,0,2,1,1,0,3,2
46,0,3,1,0,1,1,2,0,3
47,0,3,1,2,2,0,3,0,3
48,1,3,0,2,1,1,0,0,2
49,0,3,1,1,3,0,3,0,3
50,0,3,0,0,2,0,3,3,4
51,0,3,1,0,6,0,1,3,1
52,0,3,1,0,1,1,0,0,3
53,1,1,0,1,2,0,1,2,4
54,1,2,0,0,2,0,3,1,4
55,0,1,1,1,2,0,1,2,3
56,1,1,1,0,1,1,1,0,3
57,1,2,0,0,1,1,2,0,2
58,0,3,1,1,1,1,0,1,3
59,1,2,0,0,4,0,3,3,2
60,0,3,1,0,8,0,1,3,1
61,0,3,1,1,1,1,0,0,3
62,1,1,0,0,1,1,1,1,2
63,0,1,1,0,2,0,1,2,3
64,0,3,1,0,6,0,3,3,1
65,0,1,1,1,1,1,3,0,3
66,1,3,1,1,3,0,3,0,1
67,1,2,0,0,1,1,2,1,4
68,0,3,1,0,1,1,2,3,3
69,1,3,0,0,7,0,2,3,2
70,0,3,1,0,3,0,2,0,3
71,0,2,1,0,1,1,2,1,3
72,0,3,0,0,8,0,1,3,2
73,0,2,1,0,1,1,1,0,3
74,0,3,1,1,2,0,2,0,3
75,1,3,1,0,1,1,1,1,3
76,0,3,1,0,1,1,0,0,3
77,0,3,1,0,1,1,0,0,3
78,0,3,1,0,1,1,2,0,3
79,1,2,1,0,3,0,3,3,1
80,1,3,0,0,1,1,2,1,2
81,0,3,1,0,1,1,2,0,3
82,1,3,1,0,1,1,2,1,3
83,1,3,0,2,1,1,0,0,2
84,0,1,1,0,1,1,1,4,3
85,1,2,0,0,1,1,2,3,2
86,1,3,0,0,4,0,3,1,4
87,0,3,1,0,5,0,1,3,3
88,0,3,1,0,1,1,2,0,3
89,1,1,0,0,6,0,1,0,2
90,0,3,1,0,1,1,2,0,3
91,0,3,1,0,1,1,2,1,3
92,0,3,1,0,1,1,0,3,3
93,0,1,1,0,2,0,1,2,3
94,0,3,1,0,4,0,3,0,3
95,0,3,1,0,1,1,0,2,3
96,0,3,1,0,1,1,2,0,3
97,0,1,1,1,1,1,1,2,3
98,1,1,1,1,2,0,1,0,3
99,1,2,0,0,2,0,3,1,4
100,0,2,1,0,2,0,3,1,3
101,0,3,0,0,1,1,0,4,2
102,0,3,1,0,1,1,0,0,3
103,0,1,1,0,2,0,1,0,3
104,0,3,1,0,1,1,2,1,3
105,0,3,1,0,3,0,2,1,3
106,0,3,1,0,1,1,0,4,3
107,1,3,0,0,1,1,0,0,2
108,1,3,1,0,1,1,0,0,3
109,0,3,1,0,1,1,0,1,3
110,1,3,0,2,2,0,3,0,2
111,0,1,1,0,1,1,1,2,3
112,0,3,0,1,2,0,2,3,2
113,0,3,1,0,1,1,2,0,3
114,0,3,0,0,2,0,2,3,2
115,0,3,0,1,1,1,3,3,2
116,0,3,1,0,1,1,2,0,3
117,0,3,1,2,1,1,0,2,3
118,0,2,1,0,2,0,3,1,3
119,0,1,1,1,2,0,1,0,3
120,0,3,0,0,7,0,1,3,2
121,0,2,1,0,3,0,1,0,3
122,0,3,1,0,1,1,2,0,3
123,0,2,1,1,2,0,3,1,3
124,1,2,0,0,1,1,2,1,2
125,0,1,1,0,2,0,1,2,3
126,1,3,1,1,2,0,2,3,1
127,0,3,1,2,1,1,0,0,3
128,1,3,1,0,1,1,0,0,3
129,1,3,0,1,3,0,3,0,2
130,0,3,1,0,1,1,0,2,3
131,0,3,1,1,1,1,0,1,3
132,0,3,1,0,1,1,0,3,3
133,0,3,0,0,2,0,3,2,4
134,1,2,0,0,2,0,3,1,4
135,0,2,1,0,1,1,2,0,3
136,0,2,1,1,1,1,3,0,3
137,1,1,0,0,3,0,3,3,2
138,0,1,1,0,2,0,1,1,3
139,0,3,1,0,1,1,2,3,3
140,0,1,1,1,1,1,1,0,3
141,0,3,0,1,3,0,3,0,4
142,1,3,0,0,1,1,0,0,2
143,1,3,0,0,2,0,3,0,4
144,0,3,1,2,1,1,0,3,3
145,0,2,1,0,1,1,2,3,3
146,0,2,1,0,3,0,1,3,3
147,1,3,1,0,1,1,0,0,3
148,0,3,0,0,5,0,1,3,2
149,0,2,1,0,3,0,3,1,3
150,0,2,1,0,1,1,2,2,5
151,0,2,1,0,1,1,2,2,5
152,1,1,0,0,2,0,1,0,4
153,0,3,1,0,1,1,2,2,3
154,0,3,1,0,3,0,3,2,3
155,0,3,1,0,1,1,0,0,3
156,0,1,1,1,2,0,1,2,3
157,1,3,0,2,1,1,0,3,2
158,0,3,1,0,1,1,2,1,3
159,0,3,1,0,1,1,2,0,3
160,0,3,1,0,11,0,1,0,1
161,0,3,1,0,2,0,3,2,3
162,1,2,0,0,1,1,3,2,4
163,0,3,1,0,1,1,0,0,3
164,0,3,1,0,1,1,2,3,3
165,0,3,1,0,6,0,1,3,1
166,1,3,1,0,3,0,3,3,1
167,1,1,0,0,2,0,1,0,4
168,0,3,0,0,6,0,3,2,4
169,0,1,1,0,1,1,3,0,3
170,0,3,1,0,1,1,1,4,3
171,0,1,1,0,1,1,1,2,3
172,0,3,1,2,6,0,3,3,1
173,1,3,0,0,3,0,2,3,2
174,0,3,1,0,1,1,2,0,3
175,0,1,1,1,1,1,3,2,3
176,0,3,1,0,3,0,0,3,3
177,0,3,1,0,5,0,3,0,1
178,0,1,0,1,1,1,3,2,2
179,0,2,1,0,1,1,2,1,3
180,0,3,1,0,1,1,0,1,3
181,0,3,0,0,11,0,1,0,2
182,0,2,1,1,1,1,3,0,3
183,0,3,1,0,7,0,1,3,1
184,1,2,1,0,4,0,1,3,1
185,1,3,0,0,3,0,3,3,2
186,0,1,1,0,1,1,1,0,3
187,1,3,0,2,2,0,3,0,4
188,1,1,1,0,1,1,3,2,3
189,0,3,1,2,3,0,3,2,3
190,0,3,1,0,1,1,0,1,3
191,1,2,0,0,1,1,2,1,4
192,0,2,1,0,1,1,2,3,3
193,1,3,0,0,2,0,0,3,2
194,1,2,1,0,3,0,3,3,1
195,1,1,0,1,1,1,3,2,4
196,1,1,0,1,1,1,1,2,2
197,0,3,1,2,1,1,0,0,3
198,0,3,1,0,2,0,2,2,3
199,1,3,0,2,1,1,0,0,2
200,0,2,0,0,1,1,2,0,2
201,0,3,1,0,1,1,2,4,3
202,0,3,1,0,11,0,1,0,3
203,0,3,1,0,1,1,0,1,3
204,0,3,1,1,1,1,0,2,3
205,1,3,1,0,1,1,2,3,3
206,0,3,0,0,2,0,2,3,2
207,0,3,1,0,2,0,3,1,3
208,1,3,1,1,1,1,3,0,3
209,1,3,0,2,1,1,0,3,2
210,1,1,1,1,1,1,3,2,3
211,0,3,1,0,1,1,0,0,3
212,1,2,0,0,1,1,3,1,2
213,0,3,1,0,1,1,0,0,3
214,0,2,1,0,1,1,2,1,3
215,0,3,1,2,2,0,0,0,3
216,1,1,0,1,2,0,1,1,2
217,1,3,0,0,1,1,2,0,2
218,0,2,1,0,2,0,3,2,3
219,1,1,0,1,1,1,1,1,2
220,0,2,1,0,1,1,2,1,3
221,1,3,1,0,1,1,2,3,3
222,0,2,1,0,1,1,2,0,3
223,0,3,1,0,1,1,2,2,3
224,0,3,1,0,1,1,0,0,3
225,1,1,1,0,2,0,1,1,3
226,0,3,1,0,1,1,2,0,3
227,1,2,1,0,1,1,2,3,3
228,0,3,1,0,1,1,0,0,3
229,0,2,1,0,1,1,2,3,3
230,0,3,0,0,5,0,3,0,2
231,1,1,0,0,2,0,1,1,4
232,0,3,1,0,1,1,0,1,3
233,0,2,1,0,1,1,2,2,3
234,1,3,0,0,7,0,1,3,2
235,0,2,1,0,1,1,2,0,3
236,0,3,0,0,1,1,0,0,2
237,0,2,1,0,2,0,3,2,3
238,1,2,0,0,3,0,3,3,2
239,0,2,1,0,1,1,2,3,3
240,0,2,1,0,1,1,2,1,3
241,0,3,0,1,2,0,2,0,2
242,1,3,0,2,2,0,3,0,2
243,0,2,1,0,1,1,2,1,3
244,0,3,1,0,1,1,0,0,3
245,0,3,1,1,1,1,0,1,3
246,0,1,1,2,3,0,1,2,5
247,0,3,0,0,1,1,0,0,2
248,1,2,0,0,3,0,3,0,4
249,1,1,1,0,3,0,1,1,3
250,0,2,1,0,2,0,3,2,5
251,0,3,1,0,1,1,0,0,3
252,0,3,0,0,3,0,2,1,4
253,0,1,1,0,1,1,3,2,3
254,0,3,1,0,2,0,3,1,3
255,0,3,0,0,3,0,3,2,4
256,1,3,0,1,3,0,3,1,4
257,1,1,0,1,1,1,1,0,4
258,1,1,0,0,1,1,1,1,2
259,1,1,0,1,1,1,1,1,2
260,1,2,0,0,2,0,3,2,4
261,0,3,1,2,1,1,0,0,3
262,1,3,1,0,7,0,1,3,1
263,0,1,1,0,3,0,1,2,3
264,0,1,1,0,1,1,0,2,3
265,0,3,0,2,1,1,0,0,2
266,0,2,1,0,1,1,2,1,3
267,0,3,1,0,6,0,1,3,3
268,1,3,1,0,2,0,0,0,3
269,1,1,0,0,2,0,1,2,4
270,1,1,0,0,1,1,1,1,2
271,0,1,1,0,1,1,3,0,3
272,1,3,1,0,1,1,0,0,3
273,1,2,0,0,2,0,3,2,4
274,0,1,1,1,2,0,3,1,3
275,1,3,0,2,1,1,0,0,2
276,1,1,0,0,2,0,1,2,2
277,0,3,0,0,1,1,0,2,2
278,0,2,1,0,1,1,0,0,3
279,0,3,1,2,6,0,3,3,1
280,1,3,0,0,3,0,3,1,4
281,0,3,1,2,1,1,0,2,3
282,0,3,1,0,1,1,0,4,3
283,0,3,1,0,1,1,2,3,3
284,1,3,1,0,1,1,2,3,3
285,0,1,1,0,1,1,3,0,3
286,0,3,1,1,1,1,2,1,3
287,1,3,1,0,1,1,2,1,3
288,0,3,1,0,1,1,0,0,3
289,1,2,1,0,1,1,2,2,3
290,1,3,0,2,1,1,0,0,2
291,1,1,0,0,1,1,1,0,2
292,1,1,0,1,2,0,1,3,4
293,0,2,1,1,1,1,2,1,3
294,0,3,0,0,1,1,2,0,2
295,0,3,1,0,1,1,0,0,3
296,0,1,1,1,1,1,3,0,3
297,0,3,1,1,1,1,0,0,3
298,0,1,0,0,4,0,1,3,2
299,1,1,1,0,1,1,3,0,3
300,1,1,0,1,2,0,1,2,4
301,1,3,0,2,1,1,0,0,2
302,1,3,1,2,3,0,3,0,3
303,0,3,1,0,1,1,0,3,3
304,1,2,0,2,1,1,2,0,2
305,0,3,1,0,1,1,2,0,3
306,1,1,1,0,4,0,1,3,1
307,1,1,0,1,1,1,1,0,2
308,1,1,0,1,2,0,1,3,4
309,0,2,1,1,2,0,3,1,3
310,1,1,0,1,1,1,1,1,2
311,1,1,0,1,1,1,1,0,2
312,1,1,0,1,5,0,1,3,2
313,0,2,0,0,3,0,3,0,4
314,0,3,1,0,1,1,0,4,3
315,0,2,1,0,3,0,3,2,3
316,1,3,0,0,1,1,0,0,2
317,1,2,0,0,2,0,3,0,4
318,0,2,1,0,1,1,2,2,5
319,1,1,0,0,3,0,1,1,2
320,1,1,0,1,3,0,1,2,4
321,0,3,1,0,1,1,0,0,3
322,0,3,1,0,1,1,0,0,3
323,1,2,0,2,1,1,2,1,2
324,1,2,0,0,3,0,3,0,4
325,0,3,1,0,11,0,1,0,3
326,1,1,0,1,1,1,1,1,2
327,0,3,1,0,1,1,0,2,3
328,1,2,0,0,1,1,2,1,4
329,1,3,0,0,3,0,3,1,4
330,1,1,0,1,2,0,1,3,2
331,1,3,0,2,3,0,3,0,2
332,0,1,1,0,1,1,3,2,3
333,0,1,1,0,2,0,1,1,3
334,0,3,1,0,3,0,3,3,3
335,1,1,0,0,2,0,1,0,4
336,0,3,1,0,1,1,0,0,3
337,0,1,1,0,2,0,1,1,3
338,1,1,0,1,1,1,1,2,2
339,1,3,1,0,1,1,2,2,3
340,0,1,1,0,1,1,1,2,3
341,1,2,1,0,3,0,3,3,1
342,1,1,0,0,6,0,1,0,2
343,0,2,1,0,1,1,2,4,3
344,0,2,1,0,1,1,2,0,3
345,0,2,1,0,1,1,2,1,3
346,1,2,0,0,1,1,2,0,2
347,1,2,0,0,1,1,2,2,2
348,1,3,0,0,2,0,3,0,4
349,1,3,1,0,3,0,3,3,1
350,0,3,1,0,1,1,2,2,3
351,0,3,1,0,1,1,2,0,3
352,0,1,1,0,1,1,1,0,3
353,0,3,1,1,3,0,0,3,3
354,0,3,1,0,2,0,3,0,3
355,0,3,1,1,1,1,0,0,3
356,0,3,1,0,1,1,2,4,3
357,1,1,0,0,2,0,1,0,2
358,0,2,0,0,1,1,2,1,2
359,1,3,0,2,1,1,0,0,2
360,1,3,0,2,1,1,0,0,2
361,0,3,1,0,6,0,3,2,3
362,0,2,1,1,2,0,3,1,3
363,0,3,0,1,2,0,2,2,4
364,0,3,1,0,1,1,0,1,3
365,0,3,1,2,2,0,3,0,3
366,0,3,1,0,1,1,0,1,3
367,1,1,0,1,2,0,1,2,4
368,1,3,0,1,1,1,0,0,4
369,1,3,0,2,1,1,0,0,2
370,1,1,0,1,1,1,1,0,5
371,1,1,1,1,2,0,1,0,3
372,0,3,1,0,2,0,0,3,3
373,0,3,1,0,1,1,2,3,3
374,0,1,1,1,1,1,1,0,3
375,0,3,0,0,5,0,3,3,2
376,1,1,0,1,2,0,1,0,4
377,1,3,0,0,1,1,0,0,2
378,0,1,1,1,3,0,1,0,3
379,0,3,1,1,1,1,0,3,3
380,0,3,1,0,1,1,0,3,3
381,1,1,0,1,1,1,1,2,2
382,1,3,0,1,3,0,3,3,2
383,0,3,1,0,1,1,2,1,3
384,1,1,0,0,2,0,1,1,4
385,0,3,1,0,1,1,0,0,3
386,0,2,1,0,1,1,1,3,3
387,0,3,1,0,8,0,1,3,1
388,1,2,0,0,1,1,2,1,2
389,0,3,1,2,1,1,0,0,3
390,1,2,0,1,1,1,2,3,2
391,1,1,1,0,4,0,1,1,3
392,1,3,1,0,1,1,0,0,3
393,0,3,1,0,3,0,2,4,3
394,1,1,0,1,2,0,1,0,2
395,1,3,0,0,3,0,3,0,4
396,0,3,1,0,1,1,0,0,3
397,0,3,0,0,1,1,0,1,2
398,0,2,1,0,1,1,3,2,3
399,0,2,1,0,1,1,2,0,5
400,1,2,0,0,1,1,2,4,4
401,1,3,1,0,1,1,2,2,3
402,0,3,1,0,1,1,2,0,3
403,0,3,0,0,2,0,2,0,2
404,0,3,1,0,2,0,3,4,3
405,0,3,0,0,1,1,2,3,2
406,0,2,1,0,2,0,3,1,3
407,0,3,1,0,1,1,0,2,3
408,1,2,1,0,3,0,3,3,1
409,0,3,1,0,1,1,0,0,3
410,0,3,0,0,5,0,3,0,2
411,0,3,1,0,1,1,0,0,3
412,0,3,1,2,1,1,0,0,3
413,1,1,0,2,2,0,1,1,2
414,0,2,1,0,1,1,0,0,3
415,1,3,1,0,1,1,2,2,3
416,0,3,0,0,1,1,2,0,4
417,1,2,0,0,3,0,1,1,4
418,1,2,0,0,3,0,2,3,2
419,0,2,1,0,1,1,2,1,3
420,0,3,0,0,3,0,3,3,2
421,0,3,1,1,1,1,0,0,3
422,0,3,1,2,1,1,0,0,3
423,0,3,1,0,1,1,0,1,3
424,0,3,0,0,3,0,2,4,4
425,0,3,1,0,3,0,3,3,3
426,0,3,1,0,1,1,0,0,3
427,1,2,0,0,2,0,3,4,4
428,1,2,0,0,1,1,3,3,2
429,0,3,1,2,1,1,0,0,3
430,1,3,1,0,1,1,2,1,3
431,1,1,1,0,1,1,3,4,3
432,1,3,0,0,2,0,3,0,4
433,1,2,0,0,2,0,3,2,4
434,0,3,1,0,1,1,0,3,3
435,0,1,1,0,2,0,1,2,3
436,1,1,0,0,4,0,1,3,2
437,0,3,0,0,5,0,1,0,2
438,1,2,0,0,6,0,3,0,4
439,0,1,1,0,6,0,1,2,3
440,0,2,1,0,1,1,2,1,3
441,1,2,0,0,3,0,3,2,4
442,0,3,1,0,1,1,2,3,3
443,0,3,1,0,2,0,0,0,3
444,1,2,0,0,1,1,2,4,5
445,1,3,1,0,1,1,2,0,3
446,1,1,1,0,3,0,1,3,1
447,1,2,0,0,2,0,3,3,2
448,1,1,1,0,1,1,3,1,3
449,1,3,0,1,4,0,3,3,2
450,1,1,1,0,1,1,3,2,5
451,0,2,1,0,4,0,3,1,3
452,0,3,1,0,2,0,3,0,3
453,0,1,1,1,1,1,3,1,3
454,1,1,1,1,2,0,1,2,3
455,0,3,1,0,1,1,2,0,3
456,1,3,1,1,1,1,0,1,3
457,0,1,1,0,1,1,3,2,3
458,1,1,0,0,2,0,1,0,4
459,1,2,0,0,1,1,2,2,2
460,0,3,1,2,1,1,0,0,3
461,1,1,1,0,1,1,3,2,3
462,0,3,1,0,1,1,2,1,3
463,0,1,1,0,1,1,1,2,3
464,0,2,1,0,1,1,2,2,3
465,0,3,1,0,1,1,2,0,3
466,0,3,1,0,1,1,0,1,3
467,0,2,1,0,1,1,0,0,3
468,0,1,1,0,1,1,3,2,3
469,0,3,1,2,1,1,0,0,3
470,1,3,0,1,4,0,3,3,2
471,0,3,1,0,1,1,0,0,3
472,0,3,1,0,1,1,2,1,3
473,1,2,0,0,4,0,3,1,4
474,1,2,0,1,1,1,2,0,4
475,0,3,0,0,1,1,2,0,2
476,0,1,1,0,1,1,1,0,3
477,0,2,1,0,2,0,3,1,3
478,0,3,1,0,2,0,0,1,3
479,0,3,1,0,1,1,0,0,3
480,1,3,0,0,2,0,2,3,2
481,0,3,1,0,8,0,1,3,1
482,0,2,1,0,1,1,0,0,3
483,0,3,1,0,1,1,2,2,3
484,1,3,0,0,1,1,2,2,4
485,1,1,1,1,2,0,1,0,3
486,0,3,0,0,5,0,3,0,2
487,1,1,0,0,2,0,1,1,4
488,0,1,1,1,1,1,3,2,3
489,0,3,1,0,1,1,2,1,3
490,1,3,1,0,3,0,3,3,1
491,0,3,1,0,2,0,3,0,3
492,0,3,1,0,1,1,0,0,3
493,0,1,1,0,1,1,3,2,3
494,0,1,1,1,1,1,1,2,3
495,0,3,1,0,1,1,2,0,3
496,0,3,1,1,1,1,3,0,3
497,1,1,0,1,2,0,1,2,2
498,0,3,1,0,1,1,3,0,3
499,0,1,0,0,4,0,1,0,4
500,0,3,1,0,1,1,0,0,3
501,0,3,1,0,1,1,2,3,3
502,0,3,0,2,1,1,0,0,2
503,0,3,0,2,1,1,0,0,2
504,0,3,0,0,1,1,2,1,2
505,1,1,0,0,1,1,1,3,2
506,0,1,1,1,2,0,1,3,3
507,1,2,0,0,3,0,3,1,4
508,1,1,1,0,1,1,3,0,3
509,0,3,1,0,1,1,3,4,3
510,1,3,1,0,1,1,1,0,3
511,1,3,1,2,1,1,0,1,3
512,0,3,1,0,1,1,2,0,3
513,1,1,1,0,1,1,3,1,3
514,1,1,0,1,2,0,1,2,4
515,0,3,1,0,1,1,0,0,3
516,0,1,1,0,1,1,1,2,3
517,1,2,0,0,1,1,2,1,4
518,0,3,1,2,1,1,3,0,3
519,1,2,0,0,2,0,3,1,4
520,0,3,1,0,1,1,0,1,3
521,1,1,0,0,1,1,1,1,2
522,0,3,1,0,1,1,0,0,3
523,0,3,1,1,1,1,0,0,3
524,1,1,0,1,2,0,1,2,4
525,0,3,1,1,1,1,0,0,3
526,0,3,1,2,1,1,0,2,3
527,1,2,0,0,1,1,2,2,2
528,0,1,1,0,1,1,1,0,3
529,0,3,1,0,1,1,2,2,3
530,0,2,1,0,4,0,2,0,3
531,1,2,0,0,3,0,3,3,2
532,0,3,1,1,1,1,0,0,3
533,0,3,1,1,3,0,0,3,3
534,1,3,0,1,3,0,3,0,4
535,0,3,0,0,1,1,2,1,2
536,1,2,0,0,3,0,3,3,2
537,0,1,1,0,1,1,3,2,5
538,1,1,0,1,1,1,1,1,2
539,0,3,1,0,1,1,3,0,3
540,1,1,0,1,3,0,1,0,2
541,1,1,0,0,3,0,1,1,2
542,0,3,0,0,7,0,1,3,2
543,0,3,0,0,7,0,1,3,2
544,1,2,1,0,2,0,3,1,3
545,0,1,1,1,2,0,1,2,3
546,0,1,1,0,1,1,3,2,3
547,1,2,0,0,2,0,3,3,4
548,1,2,1,1,1,1,2,0,3
549,0,3,1,0,3,0,3,1,3
550,1,2,1,0,3,0,1,3,1
551,1,1,1,1,3,0,1,3,3
552,0,2,1,0,1,1,3,0,3
553,0,3,1,2,1,1,0,0,3
554,1,3,1,1,1,1,0,0,3
555,1,3,0,0,1,1,0,0,2
556,0,1,1,0,1,1,3,2,3
557,1,1,0,1,2,0,1,2,5
558,0,1,1,1,1,1,1,0,3
559,1,1,0,0,3,0,1,2,4
560,1,3,0,0,2,0,3,1,4
561,0,3,1,2,1,1,0,0,3
562,0,3,1,0,1,1,0,2,3
563,0,2,1,0,1,1,2,4,3
564,0,3,1,0,1,1,2,0,3
565,0,3,0,0,1,1,2,0,2
566,0,3,1,0,3,0,3,0,3
567,0,3,1,0,1,1,0,3,3
568,0,3,0,0,5,0,3,1,4
569,0,3,1,1,1,1,0,0,3
570,1,3,1,0,1,1,0,1,3
571,1,2,1,0,1,1,2,2,3
572,1,1,0,0,3,0,1,2,4
573,1,1,1,0,1,1,3,1,3
574,1,3,0,2,1,1,0,0,2
575,0,3,1,0,1,1,2,3,3
576,0,3,1,0,1,1,3,3,3
577,1,2,0,0,1,1,2,1,2
578,1,1,0,0,2,0,1,2,4
579,0,3,0,1,2,0,3,0,4
580,1,3,1,0,1,1,2,1,3
581,1,2,0,0,3,0,3,0,2
582,1,1,0,1,3,0,1,2,4
583,0,2,1,0,1,1,3,2,3
584,0,1,1,1,1,1,1,1,3
585,0,3,1,1,1,1,2,0,3
586,1,1,0,0,3,0,1,3,2
587,0,2,1,0,1,1,3,2,3
588,1,1,1,1,3,0,1,2,3
589,0,3,1,0,1,1,2,0,3
590,0,3,1,0,1,1,2,0,3
591,0,3,1,0,1,1,0,1,3
592,1,1,0,1,2,0,1,2,4
593,0,3,1,0,1,1,0,2,3
594,0,3,0,2,3,0,0,0,2
595,0,2,1,0,2,0,3,1,3
596,0,3,1,0,3,0,3,1,3
597,1,2,0,0,1,1,1,0,2
598,0,3,1,0,1,1,0,2,3
599,0,3,1,1,1,1,0,0,3
600,1,1,1,1,2,0,1,2,5
601,1,2,0,0,4,0,3,0,4
602,0,3,1,0,1,1,0,0,3
603,0,1,1,0,1,1,1,0,3
604,0,3,1,0,1,1,2,2,3
605,1,1,1,1,1,1,3,1,3
606,0,3,1,0,2,0,3,1,3
607,0,3,1,0,1,1,0,1,3
608,1,1,1,0,1,1,3,0,3
609,1,2,0,1,4,0,1,0,4
610,1,1,0,0,1,1,1,2,2
611,0,3,0,0,7,0,1,2,4
612,0,3,1,0,1,1,0,0,3
613,1,3,0,2,2,0,3,0,2
614,0,3,1,2,1,1,0,0,3
615,0,3,1,0,1,1,2,1,3
616,1,2,0,0,4,0,1,0,2
617,0,3,1,0,3,0,2,1,3
618,0,3,0,0,2,0,3,0,4
619,1,2,0,0,4,0,1,3,2
620,0,2,1,0,1,1,2,0,3
621,0,3,1,1,2,0,2,0,3
622,1,1,1,0,2,0,1,2,3
623,1,3,1,1,3,0,3,3,3
624,0,3,1,0,1,1,0,0,3
625,0,3,1,0,1,1,3,0,3
626,0,1,1,0,1,1,1,2,3
627,0,2,1,2,1,1,2,2,5
628,1,1,0,0,1,1,1,0,2
629,0,3,1,0,1,1,0,0,3
630,0,3,1,2,1,1,0,0,3
631,1,1,1,0,1,1,3,2,3
632,0,3,1,0,1,1,0,2,3
633,1,1,1,1,1,1,3,1,5
634,0,1,1,0,1,1,0,0,3
635,0,3,0,0,6,0,3,3,2
636,1,2,0,0,1,1,2,4,2
637,0,3,1,0,1,1,2,1,3
638,0,2,1,0,3,0,3,1,3
639,0,3,0,0,6,0,1,2,4
640,0,3,1,0,2,0,3,0,3
641,0,3,1,0,1,1,0,3,3
642,1,1,0,1,1,1,1,0,5
643,0,3,0,0,6,0,3,3,2
644,1,3,1,0,1,1,1,0,3
645,1,3,0,1,4,0,3,3,2
646,1,1,1,1,2,0,1,2,3
647,0,3,1,0,1,1,0,3,3
648,1,1,1,1,1,1,1,2,5
649,0,3,1,0,1,1,0,0,3
650,1,3,0,0,1,1,0,0,2
651,0,3,1,0,1,1,0,0,3
652,1,2,0,0,2,0,3,3,2
653,0,3,1,0,1,1,2,0,3
654,1,3,0,2,1,1,0,0,2
655,0,3,0,2,1,1,0,3,2
656,0,2,1,0,3,0,1,0,3
657,0,3,1,0,1,1,0,0,3
658,0,3,0,2,3,0,3,1,4
659,0,2,1,0,1,1,2,0,3
660,0,1,1,1,3,0,1,2,3
661,1,1,1,0,3,0,1,2,5
662,0,3,1,1,1,1,0,2,3
663,0,1,1,0,1,1,3,2,3
664,0,3,1,0,1,1,0,1,3
665,1,3,1,0,2,0,2,3,3
666,0,2,1,0,3,0,1,1,3
667,0,2,1,0,1,1,2,0,3
668,0,3,1,0,1,1,0,0,3
669,0,3,1,0,1,1,2,2,3
670,1,1,0,0,2,0,1,0,4
671,1,2,0,0,3,0,1,2,4
672,0,1,1,0,2,0,1,1,3
673,0,2,1,0,1,1,2,2,3
674,1,2,1,0,1,1,2,1,3
675,0,2,1,0,1,1,0,0,3
676,0,3,1,0,1,1,0,3,3
677,0,3,1,0,1,1,2,0,3
678,1,3,0,0,1,1,2,3,2
679,0,3,0,0,8,0,1,2,4
680,1,1,1,1,2,0,1,1,3
681,0,3,0,2,1,1,2,0,2
682,1,1,1,1,1,1,1,0,3
683,0,3,1,0,1,1,2,3,3
684,0,3,1,0,8,0,1,3,3
685,0,2,1,0,3,0,1,2,3
686,0,2,1,1,4,0,1,0,3
687,0,3,1,0,6,0,1,3,3
688,0,3,1,0,1,1,2,3,3
689,0,3,1,0,1,1,0,3,3
690,1,1,0,0,2,0,1,3,2
691,1,1,1,0,2,0,1,1,3
692,1,3,0,1,2,0,2,3,2
693,1,3,1,0,1,1,1,0,3
694,0,3,1,1,1,1,0,0,3
695,0,1,1,0,1,1,3,2,5
696,0,2,1,0,1,1,2,2,3
697,0,3,1,0,1,1,2,2,3
698,1,3,0,2,1,1,0,0,2
699,0,1,1,1,3,0,1,2,3
700,0,3,1,0,1,1,0,2,3
701,1,1,0,1,2,0,1,3,4
702,1,1,1,0,1,1,3,1,3
703,0,3,0,1,2,0,2,3,2
704,0,3,1,2,1,1,0,0,3
705,0,3,1,0,2,0,0,0,3
706,0,2,1,0,1,1,3,2,3
707,1,2,0,0,1,1,2,2,4
708,1,1,1,0,1,1,3,2,3
709,1,1,0,0,1,1,1,0,2
710,1,3,1,1,3,0,3,0,1
711,1,1,0,1,1,1,1,0,5
712,0,1,1,0,1,1,3,0,3
713,1,1,1,0,2,0,1,2,3
714,0,3,1,0,1,1,2,1,3
715,0,2,1,0,1,1,2,2,3
716,0,3,1,0,1,1,0,3,3
717,1,1,0,1,1,1,1,1,2
718,1,2,0,0,1,1,2,0,2
719,0,3,1,2,1,1,3,0,3
720,0,3,1,0,1,1,0,1,3
721,1,2,0,0,2,0,1,3,2
722,0,3,1,0,2,0,0,3,3
723,0,2,1,0,1,1,2,1,3
724,0,2,1,0,1,1,2,2,3
725,1,1,1,0,2,0,1,0,3
726,0,3,1,0,1,1,2,3,3
727,1,2,0,0,4,0,3,1,4
728,1,3,0,2,1,1,0,0,2
729,0,2,1,0,2,0,3,0,3
730,0,3,0,0,2,0,2,0,2
731,1,1,0,0,1,1,1,1,2
732,0,3,1,1,1,1,3,3,3
733,0,2,1,0,1,1,0,0,3
734,0,2,1,0,1,1,2,0,3
735,0,2,1,0,1,1,2,0,3
736,0,3,1,0,1,1,3,1,3
737,0,3,0,0,5,0,1,2,4
738,1,1,1,1,1,1,1,1,3
739,0,3,1,0,1,1,0,0,3
740,0,3,1,0,1,1,0,0,3
741,1,1,1,0,1,1,3,0,3
742,0,1,1,0,2,0,1,1,3
743,1,1,0,1,5,0,1,0,2
744,0,3,1,0,2,0,3,0,3
745,1,3,1,0,1,1,2,1,3
746,0,1,1,0,3,0,1,2,5
747,0,3,1,0,3,0,3,3,3
748,1,2,0,0,1,1,2,1,2
749,0,1,1,0,2,0,1,3,3
750,0,3,1,2,1,1,0,1,3
751,1,2,0,0,3,0,3,3,2
752,1,3,1,0,2,0,2,3,1
753,0,3,1,0,1,1,2,1,3
754,0,3,1,0,1,1,0,0,3
755,1,2,0,0,4,0,1,2,4
756,1,2,1,0,3,0,3,3,1
757,0,3,1,0,1,1,0,4,3
758,0,2,1,0,1,1,2,3,3
759,0,3,1,0,1,1,2,1,3
760,1,1,0,0,1,1,1,1,5
761,0,3,1,0,1,1,3,0,3
762,0,3,1,0,1,1,0,2,3
763,1,3,1,1,1,1,0,3,3
764,1,1,0,0,4,0,1,1,4
765,0,3,1,0,1,1,0,3,3
766,1,1,0,0,2,0,1,2,4
767,0,1,1,1,1,1,1,0,5
768,0,3,0,2,1,1,0,1,2
769,0,3,1,2,2,0,3,0,3
770,0,3,1,0,1,1,2,1,3
771,0,3,1,0,1,1,2,0,3
772,0,3,1,0,1,1,0,2,3
773,0,2,0,0,1,1,2,2,4
774,0,3,1,1,1,1,0,0,3
775,1,2,0,0,5,0,3,2,4
776,0,3,1,0,1,1,0,3,3
777,0,3,1,2,1,1,0,0,3
778,1,3,0,0,1,1,2,3,2
779,0,3,1,2,1,1,0,0,3
780,1,1,0,0,2,0,1,2,4
781,1,3,0,1,1,1,0,3,2
782,1,1,0,0,2,0,1,3,4
783,0,1,1,0,1,1,3,1,3
784,0,3,1,0,4,0,3,0,3
785,0,3,1,0,1,1,0,0,3
786,0,3,1,0,1,1,0,0,3
787,1,3,0,0,1,1,0,3,2
788,0,3,1,2,6,0,3,3,1
789,1,3,1,0,4,0,3,3,1
790,0,1,1,1,1,1,1,2,3
791,0,3,1,2,1,1,0,0,3
792,0,2,1,0,1,1,3,3,3
793,0,3,0,0,11,0,1,0,2
794,0,1,1,1,1,1,3,0,3
795,0,3,1,0,1,1,0,0,3
796,0,2,1,0,1,1,2,2,3
797,1,1,0,0,1,1,3,2,5
798,1,3,0,0,1,1,2,1,4
799,0,3,1,1,1,1,0,1,3
800,0,3,0,0,3,0,3,1,4
801,0,2,1,0,1,1,2,1,3
802,1,2,0,0,3,0,3,1,4
803,1,1,1,0,4,0,1,3,1
804,1,3,1,1,2,0,2,3,1
805,1,3,1,0,1,1,0,0,3
806,0,3,1,0,1,1,0,1,3
807,0,1,1,0,1,1,0,2,3
808,0,3,0,0,1,1,0,3,2
809,0,2,1,0,1,1,2,2,3
810,1,1,0,0,2,0,1,1,4
811,0,3,1,0,1,1,0,0,3
812,0,3,1,0,1,1,3,2,3
813,0,2,1,0,1,1,2,1,3
814,0,3,0,0,7,0,1,3,2
815,0,3,1,0,1,1,2,1,3
816,0,1,1,0,1,1,0,0,3
817,0,3,0,0,1,1,2,0,2
818,0,2,1,1,3,0,1,1,3
819,0,3,1,0,1,1,0,2,3
820,0,3,1,0,6,0,3,3,1
821,1,1,0,0,3,0,1,2,4
822,1,3,1,0,1,1,2,0,3
823,0,1,1,0,1,1,0,1,5
824,1,3,0,0,2,0,2,0,4
825,0,3,1,0,6,0,1,3,1
826,0,3,1,2,1,1,0,0,3
827,0,3,1,0,1,1,1,0,3
828,1,2,1,1,3,0,1,3,1
829,1,3,1,2,1,1,0,0,3
830,1,1,0,0,1,1,1,2,4
831,1,3,0,1,2,0,2,3,4
832,1,2,1,0,3,0,3,3,1
833,0,3,1,1,1,1,0,0,3
834,0,3,1,0,1,1,0,0,3
835,0,3,1,0,1,1,2,3,3
836,1,1,0,1,3,0,1,2,2
837,0,3,1,0,1,1,2,0,3
838,0,3,1,0,1,1,2,0,3
839,1,3,1,0,1,1,1,1,3
840,1,1,1,1,1,1,3,0,3
841,0,3,1,0,1,1,2,3,3
842,0,2,1,0,1,1,2,3,3
843,1,1,0,1,1,1,3,1,2
844,0,3,1,1,1,1,0,1,3
845,0,3,1,0,1,1,2,3,3
846,0,3,1,0,1,1,0,2,3
847,0,3,1,0,11,0,1,0,3
848,0,3,1,1,1,1,0,1,3
849,0,2,1,0,2,0,1,4,5
850,1,1,0,1,2,0,1,0,4
851,0,3,1,0,7,0,1,3,1
852,0,3,1,0,1,1,0,2,3
853,0,3,0,1,3,0,3,3,2
854,1,1,0,0,2,0,1,3,2
855,0,2,0,0,2,0,3,2,4
856,1,3,0,0,2,0,2,3,4
857,1,1,0,0,3,0,1,2,4
858,1,1,1,0,1,1,3,2,3
859,1,3,0,1,4,0,3,0,4
860,0,3,1,1,1,1,0,0,3
861,0,3,1,0,3,0,2,2,3
862,0,2,1,0,2,0,2,0,3
863,1,1,0,0,1,1,3,2,4
864,0,3,0,0,11,0,1,0,2
865,0,2,1,0,1,1,2,0,3
866,1,2,0,0,1,1,2,2,4
867,1,2,0,1,2,0,2,0,2
868,0,1,1,0,1,1,1,1,3
869,0,3,1,0,1,1,2,0,3
870,1,3,1,0,3,0,2,3,1
871,0,3,1,0,1,1,0,0,3
872,1,1,0,0,3,0,1,2,4
873,0,1,1,0,1,1,0,1,3
874,0,3,1,0,1,1,2,2,3
875,1,2,0,1,2,0,3,4,4
876,1,3,0,1,1,1,0,3,2
877,0,3,1,0,1,1,2,3,3
878,0,3,1,0,1,1,0,3,3
879,0,3,1,0,1,1,0,0,3
880,1,1,0,1,2,0,1,2,4
881,1,2,0,0,2,0,3,0,4
882,0,3,1,0,1,1,0,1,3
883,0,3,0,0,1,1,2,0,2
884,0,2,1,0,1,1,2,4,3
885,0,3,1,0,1,1,0,0,3
886,0,3,0,2,6,0,3,2,4
887,0,2,1,0,1,1,2,0,5
888,1,1,0,0,1,1,3,3,2
889,0,3,0,0,4,0,3,0,2
890,1,1,1,1,1,1,3,0,3
891,0,3,1,2,1,1,0,1,3
